{
  "3": {
    "inputs": {
      "width": 1024,
      "height": 1400,
      "batch_size": 1
    },
    "class_type": "EmptyLatentImage"
  },
  "8": {
    "inputs": {
      "samples": [
        "9",
        0
      ],
      "vae": [
        "12",
        2
      ]
    },
    "class_type": "VAEDecode"
  },
  "9": {
    "inputs": {
      "seed": 1286079241,
      "steps": 20,
      "cfg": 6,
      "sampler_name": "dpmpp_2m",
      "scheduler": "karras",
      "denoise": 1,
      "noise_mode": "GPU(=A1111)",
      "model": [
        "14",
        0
      ],
      "positive": [
        "11",
        0
      ],
      "negative": [
        "13",
        0
      ],
      "latent_image": [
        "3",
        0
      ]
    },
    "class_type": "KSampler //Inspire"
  },
  "11": {
    "inputs": {
      "text": "photo of a cute goth girl, hacker, sit a desk,  working at pc, skirt, clutter metro, night, neon lights, nerd outfit, cinematic, cyberpunk, clutter large room, cables",
      "token_normalization": "mean",
      "weight_interpretation": "A1111",
      "clip": [
        "14",
        1
      ]
    },
    "class_type": "BNK_CLIPTextEncodeAdvanced"
  },
  "12": {
    "inputs": {
      "ckpt_name": "realVisionV51.safetensors"
    },
    "class_type": "CheckpointLoaderSimple"
  },
  "13": {
    "inputs": {
      "text": "makeup",
      "token_normalization": "mean",
      "weight_interpretation": "A1111",
      "clip": [
        "14",
        1
      ]
    },
    "class_type": "BNK_CLIPTextEncodeAdvanced"
  },
  "14": {
    "inputs": {
      "wildcard_text": "<lora:add_detail>, __samples/flower__",
      "populated_text": "",
      "mode": true,
      "Select to add LoRA": "Select the LoRA to add to the text",
      "Select to add Wildcard": "__samples/flower__",
      "seed": 0,
      "model": [
        "12",
        0
      ],
      "clip": [
        "12",
        1
      ]
    },
    "class_type": "ImpactWildcardEncode"
  },
  "17": {
    "inputs": {
      "output_path": "[time(%Y-%m-%d)]",
      "filename_prefix": "ComfyUI",
      "filename_delimiter": "_",
      "filename_number_padding": 2,
      "filename_number_start": "false",
      "extension": "jpg",
      "quality": 60,
      "lossless_webp": "false",
      "overwrite_mode": "false",
      "show_history": "false",
      "show_history_by_prefix": "true",
      "embed_workflow": "true",
      "show_previews": "true",
      "images": [
        "8",
        0
      ]
    },
    "class_type": "Image Save"
  }
}