{
  "3": {
    "inputs": {
      "seed": 156680208700286,
      "steps": 20,
      "cfg": 6,
      "sampler_name": "dpmpp_2m",
      "scheduler": "karras",
      "denoise": 1,
      "model": [
        "11",
        0
      ],
      "positive": [
        "6",
        0
      ],
      "negative": [
        "7",
        0
      ],
      "latent_image": [
        "5",
        0
      ]
    },
    "class_type": "KSampler"
  },
  "4": {
    "inputs": {
      "ckpt_name": "Chilloutmix-Ni-pruned-fp16-fix.safetensors"
    },
    "class_type": "CheckpointLoaderSimple"
  },
  "5": {
    "inputs": {
      "width": 512,
      "height": 512,
      "batch_size": 1
    },
    "class_type": "EmptyLatentImage"
  },
  "6": {
    "inputs": {
      "text": "beautiful scenery nature glass bottle landscape, , purple galaxy bottle,",
      "clip": [
        "11",
        1
      ]
    },
    "class_type": "CLIPTextEncode"
  },
  "7": {
    "inputs": {
      "text": "text, watermark",
      "clip": [
        "11",
        1
      ]
    },
    "class_type": "CLIPTextEncode"
  },
  "8": {
    "inputs": {
      "samples": [
        "3",
        0
      ],
      "vae": [
        "4",
        2
      ]
    },
    "class_type": "VAEDecode"
  },
  "10": {
    "inputs": {
      "output_path": "[time(%Y-%m-%d)]",
      "filename_prefix": "ComfyUI",
      "filename_delimiter": "_",
      "filename_number_padding": 4,
      "filename_number_start": "false",
      "extension": "jpg",
      "quality": 80,
      "lossless_webp": "false",
      "overwrite_mode": "false",
      "show_history": "false",
      "show_history_by_prefix": "true",
      "embed_workflow": "true",
      "show_previews": "true",
      "images": [
        "8",
        0
      ]
    },
    "class_type": "Image Save"
  },
  "11": {
    "inputs": {
      "lora_name": "add_detail.safetensors",
      "strength_model": 1,
      "strength_clip": 1,
      "model": [
        "4",
        0
      ],
      "clip": [
        "4",
        1
      ]
    },
    "class_type": "LoraLoader"
  }
}